<component name="InspectionProjectProfileManager">
  <profile version="1.0">
    <option name="myName" value="Project Default" />
    <inspection_tool class="PyUnresolvedReferencesInspection" enabled="true" level="WARNING" enabled_by_default="true">
      <option name="ignoredIdentifiers">
        <list>
          <option value="mysql.connector.connect" />
          <option value="mysql.connect" />
          <option value="keras.models.load_model" />
        </list>
      </option>
    </inspection_tool>
  </profile>
</component>